{"cameraMode":{"drawMode":0,"name":"Shaded","section":"Shading Mode"},"sceneLighting":false,"audioPlay":false,"sceneViewState":{"showFog":true,"showMaterialUpdate":false,"showSkybox":false,"showFlares":true,"showImageEffects":true,"showParticleSystems":true},"in2DMode":false,"pivot":{"x":0.0,"y":0.09265682101249695,"z":-0.005934566259384155},"rotation":{"x":-0.2554488778114319,"y":-0.6692373752593994,"z":0.26484403014183047,"w":-0.6455708146095276},"size":0.4409944415092468,"orthographic":false}