{"cameraMode":{"drawMode":0,"name":"Shaded","section":"Shading Mode"},"sceneLighting":false,"audioPlay":false,"sceneViewState":{"showFog":true,"showMaterialUpdate":false,"showSkybox":false,"showFlares":true,"showImageEffects":true,"showParticleSystems":true},"in2DMode":false,"pivot":{"x":3.0212414264678957,"y":1.1429439783096314,"z":-3.6468515396118166},"rotation":{"x":-0.010626881383359433,"y":-0.9809949994087219,"z":0.056285131722688678,"w":-0.185505211353302},"size":2.298030138015747,"orthographic":false}