{"cameraMode":{"drawMode":0,"name":"Shaded","section":"Shading Mode"},"sceneLighting":false,"audioPlay":false,"sceneViewState":{"showFog":true,"showMaterialUpdate":false,"showSkybox":false,"showFlares":true,"showImageEffects":true,"showParticleSystems":true},"in2DMode":false,"pivot":{"x":0.20597948133945466,"y":0.6688595414161682,"z":-8.173787117004395},"rotation":{"x":-0.04079586640000343,"y":0.012585756368935109,"z":-0.0005081312847323716,"w":-0.9991036653518677},"size":0.000017320508050033823,"orthographic":false}