{"cameraMode":{"drawMode":0,"name":"Shaded","section":"Shading Mode"},"sceneLighting":false,"audioPlay":false,"sceneViewState":{"showFog":true,"showMaterialUpdate":false,"showSkybox":false,"showFlares":true,"showImageEffects":true,"showParticleSystems":true},"in2DMode":false,"pivot":{"x":-7.152557373046875e-7,"y":0.9905667901039124,"z":0.021142318844795228},"rotation":{"x":-0.2554488778114319,"y":-0.6692373752593994,"z":0.26484403014183047,"w":-0.6455708146095276},"size":1.47776460647583,"orthographic":false}